{"412742735_918289786575510_417416422359763791_n.jpeg": [[0.5458333333333333, 0.5576388888888889, 0.6534722222222222, 0.45], [0.3194444444444444, 0.30694444444444446, 0.4263888888888889, 0.19930555555555557], [0.3951388888888889, 0.6534722222222222, 0.4847222222222222, 0.5638888888888889], [0.35694444444444445, 0.8381944444444445, 0.5118055555555555, 0.6833333333333333], [0.4201388888888889, 0.5527777777777778, 0.4951388888888889, 0.47847222222222224], [0.43472222222222223, 0.41458333333333336, 0.5243055555555556, 0.325]], "4e99324c6065458a9fafb2a3b1916fb9_20230411_171712.jpg": [[0.3486111111111111, 0.837890625, 0.6701388888888888, 0.657421875], [0.31319444444444444, 0.296484375, 0.6340277777777777, 0.116015625]]}